{"skin": {
	"body": {
		"filename": "bear",
		"custom_colors": "true",
		"hue": 16,
		"sat": 133,
		"lgt": 121
	},
	"marking": {
		"filename": "bear",
		"custom_colors": "true",
		"hue": 17,
		"sat": 110,
		"lgt": 168,
		"alp": 255
	},
	"decoration": {
		"filename": "hair",
		"custom_colors": "false"
	},
	"hands": {
		"filename": "standard",
		"custom_colors": "true",
		"hue": 16,
		"sat": 133,
		"lgt": 121
	},
	"feet": {
		"filename": "standard",
		"custom_colors": "true",
		"hue": 17,
		"sat": 129,
		"lgt": 38
	},
	"eyes": {
		"filename": "standard",
		"custom_colors": "false"
	}}
}
