{"skin": {
	"body": {
		"filename": "koala",
		"custom_colors": "true",
		"hue": 0,
		"sat": 0,
		"lgt": 184
	},
	"marking": {
		"filename": "twinbelly",
		"custom_colors": "true",
		"hue": 21,
		"sat": 12,
		"lgt": 226,
		"alp": 255
	},
	"hands": {
		"filename": "standard",
		"custom_colors": "true",
		"hue": 0,
		"sat": 0,
		"lgt": 184
	},
	"feet": {
		"filename": "standard",
		"custom_colors": "true",
		"hue": 149,
		"sat": 4,
		"lgt": 71
	},
	"eyes": {
		"filename": "standard",
		"custom_colors": "false"
	}}
}
